sample_id,label,measure,minhduc,vianh,duyanh,agree
BDD03,ego_left,count,1,1,1,1
BDD03,ego_left,attr:marking,solid,solid,solid,1
BDD03,ego_left,attr:needs_review,false,false,false,1
BDD03,ego_left,attr:topology,normal,normal,normal,1
BDD03,ego_left,attr:visibility,visible,visible,visible,1
BDD03,ego_right,count,1,1,1,1
BDD03,ego_right,attr:marking,dashed,dashed,dashed,1
BDD03,ego_right,attr:needs_review,false,false,false,1
BDD03,ego_right,attr:topology,normal,normal,normal,1
BDD03,ego_right,attr:visibility,visible,visible,visible,1
BDD07,ego_left,count,1,1,1,1
BDD07,ego_left,attr:marking,double,double,double,1
BDD07,ego_left,attr:needs_review,false,false,false,1
BDD07,ego_left,attr:topology,normal,normal,normal,1
BDD07,ego_left,attr:visibility,visible,visible,visible,1
BDD07,ego_right,count,1,1,1,1
BDD07,ego_right,attr:marking,dashed,dashed,dashed,1
BDD07,ego_right,attr:needs_review,false,false,false,1
BDD07,ego_right,attr:topology,normal,normal,normal,1
BDD07,ego_right,attr:visibility,visible,visible,faded,0
BDD12,ego_left,count,1,1,1,1
BDD12,ego_left,attr:marking,double,double,double,1
BDD12,ego_left,attr:needs_review,false,false,false,1
BDD12,ego_left,attr:topology,normal,normal,normal,1
BDD12,ego_left,attr:visibility,occluded,occluded,occluded,1
BDD12,ego_right,count,1,1,1,1
BDD12,ego_right,attr:marking,dashed,dashed,dashed,1
BDD12,ego_right,attr:needs_review,false,false,false,1
BDD12,ego_right,attr:topology,normal,normal,normal,1
BDD12,ego_right,attr:visibility,visible,visible,visible,1
BDD17,ego_left,count,1,1,1,1
BDD17,ego_left,attr:marking,dashed,dashed,dashed,1
BDD17,ego_left,attr:needs_review,false,false,false,1
BDD17,ego_left,attr:topology,merge_split,normal,normal,0
BDD17,ego_left,attr:visibility,faded,faded,faded,1
BDD17,ego_right,count,1,1,1,1
BDD17,ego_right,attr:marking,dashed,dashed,dashed,1
BDD17,ego_right,attr:needs_review,false,false,false,1
BDD17,ego_right,attr:topology,normal,normal,normal,1
BDD17,ego_right,attr:visibility,faded,visible,faded,0
BDD19,ego_left,count,1,1,1,1
BDD19,ego_left,attr:marking,dashed,dashed,dashed,1
BDD19,ego_left,attr:needs_review,false,false,false,1
BDD19,ego_left,attr:topology,normal,normal,normal,1
BDD19,ego_left,attr:visibility,visible,visible,visible,1
BDD19,ego_right,count,1,1,1,1
BDD19,ego_right,attr:marking,dashed,dashed,dashed,1
BDD19,ego_right,attr:needs_review,false,false,false,1
BDD19,ego_right,attr:topology,normal,normal,normal,1
BDD19,ego_right,attr:visibility,visible,visible,visible,1
BDD23,ego_left,count,1,1,1,1
BDD23,ego_left,attr:marking,solid,solid,solid,1
BDD23,ego_left,attr:needs_review,false,false,false,1
BDD23,ego_left,attr:topology,normal,normal,normal,1
BDD23,ego_left,attr:visibility,visible,visible,visible,1
BDD23,ego_right,count,1,1,1,1
BDD23,ego_right,attr:marking,solid,solid,solid,1
BDD23,ego_right,attr:needs_review,false,false,false,1
BDD23,ego_right,attr:topology,normal,normal,normal,1
BDD23,ego_right,attr:visibility,faded,occluded,faded,0
BDD26,ego_left,count,1,1,1,1
BDD26,ego_left,attr:marking,solid,dashed,solid,0
BDD26,ego_left,attr:needs_review,false,false,false,1
BDD26,ego_left,attr:topology,merge_split,normal,merge_split,0
BDD26,ego_left,attr:visibility,faded,visible,visible,0
BDD26,ego_right,count,1,1,1,1
BDD26,ego_right,attr:marking,dashed,solid,dashed,0
BDD26,ego_right,attr:needs_review,false,false,false,1
BDD26,ego_right,attr:topology,normal,normal,normal,1
BDD26,ego_right,attr:visibility,faded,visible,visible,0
