sample_id,decision_id,expected,severity,kind,peer_evidence,correct,note
BDD06,d1,"label=ego_left x1 trên vạch trắng đứt (~(280,660)→(600,460)) + label=ego_right x1 trên vạch trắng đứt (~(1030,650)→(785,480))",major,decision,ego_left [marking=dashed;needs_review=false;topology=normal;visibility=visible] | ego_right [marking=dashed;needs_review=false;topology=normal;visibility=visible],1,Hai polyline nằm trên đúng hai vạch đứt hai bên điểm giữa đáy ảnh
BDD06,d2,ego_left marking=dashed; ego_right marking=dashed; topology=normal cả hai; không có tag ego_boundary_unknown,minor,decision,ego_left [marking=dashed;needs_review=false;topology=normal;visibility=visible] | ego_right [marking=dashed;needs_review=false;topology=normal;visibility=visible],1,"dashed/dashed, normal/normal, không có tag"
BDD06,d3,"IGNORE: không có polyline trên vạch trắng liền mép phải (~(1030,520)→(1280,610)) và không có polyline trên vạch vàng bên trái (~(0,480)→(400,430))",major,decision,ego_left [marking=dashed;needs_review=false;topology=normal;visibility=visible] | ego_right [marking=dashed;needs_review=false;topology=normal;visibility=visible],1,Không vẽ vạch liền mép phải và vạch vàng bên trái
BDD09,d1,"ego_left x1 trên vạch vàng liền (~(80,575)→(560,378)); marking=solid",major,decision,ego_left [marking=solid;needs_review=false;topology=normal;visibility=faded] | ego_right [marking=dashed;needs_review=false;topology=normal;visibility=visible],1,"ego_left trên vạch vàng liền, solid. Ghi chú: peer kéo tiếp sau SUV tới (924,297) và chọn faded — gold không chấm phần này, xem xét khi sửa v3"
BDD09,d2,"ego_right x1 trên vạch trắng đứt (~(1180,630)→(878,385)); marking=dashed",major,decision,ego_left [marking=solid;needs_review=false;topology=normal;visibility=faded] | ego_right [marking=dashed;needs_review=false;topology=normal;visibility=visible],1,"ego_right trên vạch đứt, dashed"
BDD09,d3,"geometry: ego_right có ≥ 4 điểm bám theo đoạn cong, mọi đoạn nối nằm trên vạch sơn; không nối sang vạch trắng liền mép phải (~(1215,395)→(1280,410))",minor,geometry,ego_left [marking=solid;needs_review=false;topology=normal;visibility=faded] | ego_right [marking=dashed;needs_review=false;topology=normal;visibility=visible],1,"8 điểm bám đoạn cong, không nối sang vạch liền mép phải"
BDD09,d4,ego_left topology=normal; ego_right topology=normal,minor,decision,ego_left [marking=solid;needs_review=false;topology=normal;visibility=faded] | ego_right [marking=dashed;needs_review=false;topology=normal;visibility=visible],1,normal cả hai; không bị biển báo đánh lừa
BDD16,d1,"ego_left x1 đặt trên vạch VÀNG LIỀN viền vùng kẻ sọc, là vạch gần xe nhất (~(250,560)→(130,420)→(0,378)); điểm cuối ở cạnh trái ảnh",critical,decision,ego_left [marking=solid;needs_review=false;topology=merge_split;visibility=visible] | ego_right [marking=solid;needs_review=false;topology=merge_split;visibility=visible],1,"ego_left trên vạch vàng liền viền gore từ (257,566) tới cạnh trái ảnh (0,380)"
BDD16,d2,"IGNORE: không có polyline nào đặt trên các sọc chéo vàng bên trong vùng kẻ sọc (~x 0–190, y 380–530)",critical,decision,ego_left [marking=solid;needs_review=false;topology=merge_split;visibility=visible] | ego_right [marking=solid;needs_review=false;topology=merge_split;visibility=visible],1,Không polyline nào nằm trên sọc chéo vàng
BDD16,d3,ego_left topology=merge_split,major,decision,ego_left [marking=solid;needs_review=false;topology=merge_split;visibility=visible] | ego_right [marking=solid;needs_review=false;topology=merge_split;visibility=visible],1,ego_left topology=merge_split
BDD16,d4,"ego_right x1 trên vạch trắng liền bên phải (~(1280,563)→(650,410)); điểm đầu ở cạnh phải ảnh",major,decision,ego_left [marking=solid;needs_review=false;topology=merge_split;visibility=visible] | ego_right [marking=solid;needs_review=false;topology=merge_split;visibility=visible],1,"ego_right trên vạch trắng liền, điểm đầu ở cạnh phải (1280,562). Ghi chú: peer kéo tiếp qua sau xe đen tới (176,354) (vạch có hiện lại bên trái xe) nhưng chọn visible thay vì occluded, và chọn merge_split cho ego_right — gold không chấm"
BDD24,d1,"ego_left x1 trên vạch trắng giữa đường (~x 490–515, y 460–575)",major,decision,ego_left [marking=solid;needs_review=false;topology=normal;visibility=faded] | ego_right [marking=solid;needs_review=false;topology=merge_split;visibility=visible],0,"Vạch trắng giữa đường (484,579)→(516,449) bị gán ego_right thay vì ego_left dù nằm bên trái điểm giữa đáy ảnh; ego_left lại đặt trên mép tuyết/lề trái (1,510)→(336,373). Peer hỏi 2 lần về ảnh này (đống tuyết giữa đường)"
BDD24,d2,UNKNOWN: tag ego_boundary_unknown side=right; không có polyline ego_right,major,decision,ego_left [marking=solid;needs_review=false;topology=normal;visibility=faded] | ego_right [marking=solid;needs_review=false;topology=merge_split;visibility=visible],0,Không có tag ego_boundary_unknown side=right; có ego_right (trên vạch giữa đường) với topology=merge_split — có vẻ coi đống tuyết như vùng gore
BDD24,d3,geometry: ego_left không có điểm nào trên nắp capo (không có điểm y > ~580) — vệt trắng trên nắp capo là hình phản chiếu,minor,geometry,ego_left [marking=solid;needs_review=false;topology=normal;visibility=faded] | ego_right [marking=solid;needs_review=false;topology=merge_split;visibility=visible],1,Không polyline nào có điểm trên nắp capo; đường trên vạch giữa dừng ở y≈579
BDD15,d1,"ESCALATE: polyline đặt trên vạch trắng đứt gần điểm giữa đáy ảnh (~(635,470)→(370,300)) có needs_review=true",major,decision,ego_left [marking=dashed;needs_review=false;topology=normal;visibility=visible] | ego_right [marking=dashed;needs_review=false;topology=normal;visibility=faded],0,needs_review=false trên cả hai polyline dù xe chếch sát vạch đứt như đang chuyển làn
BDD15,d2,"vạch trắng đứt (~(635,470)→(370,300)) được gán label=ego_right; không có polyline trên bó vỉa sơn đỏ-trắng bên phải",major,decision,ego_left [marking=dashed;needs_review=false;topology=normal;visibility=visible] | ego_right [marking=dashed;needs_review=false;topology=normal;visibility=faded],1,Vạch đứt gần điểm giữa đáy ảnh gán ego_right; không vẽ bó vỉa đỏ-trắng
