sample_id,decision_id,expected,severity,rationale
BDD06,d1,"label=ego_left x1 trên vạch trắng đứt (~(280,660)→(600,460)) + label=ego_right x1 trên vạch trắng đứt (~(1030,650)→(785,480))",major,"Cao tốc vạch đứt hai bên; điểm giữa đáy ảnh x≈640 nằm giữa hai vạch này (mục 1)"
BDD06,d2,"ego_left marking=dashed; ego_right marking=dashed; topology=normal cả hai; không có tag ego_boundary_unknown",minor,"Case normal: không có gore, nhánh rẽ; cả hai bên đều có vạch sơn rõ"
BDD06,d3,"IGNORE: không có polyline trên vạch trắng liền mép phải (~(1030,520)→(1280,610)) và không có polyline trên vạch vàng bên trái (~(0,480)→(400,430))",major,"Hai vạch này là của làn khác/mép đường, không phải vạch gần nhất hai bên làn xe chủ (mục 1, mục 5)"
BDD09,d1,"ego_left x1 trên vạch vàng liền (~(80,575)→(560,378)); marking=solid",major,"Đường dẫn cong sang phải; vạch vàng liền là vạch gần nhất bên trái điểm giữa đáy ảnh"
BDD09,d2,"ego_right x1 trên vạch trắng đứt (~(1180,630)→(878,385)); marking=dashed",major,"Vạch đứt là ranh giới phải; xe Range Rover ở làn bên cạnh không che vạch"
BDD09,d3,"geometry: ego_right có ≥ 4 điểm bám theo đoạn cong, mọi đoạn nối nằm trên vạch sơn; không nối sang vạch trắng liền mép phải (~(1215,395)→(1280,410))",minor,"Mục 3: đường cong cần thêm điểm; vạch mép phải là của làn khác"
BDD09,d4,"ego_left topology=normal; ego_right topology=normal",minor,"Biển báo vàng phía trước không phải vạch sơn gore/nhánh rẽ (mục 4 v2: chỉ vạch sơn mới tính merge_split)"
BDD16,d1,"ego_left x1 đặt trên vạch VÀNG LIỀN viền vùng kẻ sọc, là vạch gần xe nhất (~(250,560)→(130,420)→(0,378)); điểm cuối ở cạnh trái ảnh",critical,"Lỗi critical theo downstream contract: đặt ranh giới lên sọc chéo trong gore hoặc lên làn bên trái (nơi xe trắng) làm model học làn xe chủ lệch vào vùng cấm"
BDD16,d2,"IGNORE: không có polyline nào đặt trên các sọc chéo vàng bên trong vùng kẻ sọc (~x 0–190, y 380–530)",critical,"Sọc trong gore ngoài scope (mục 5); vẽ lên sọc là đi theo nhánh — lỗi nặng nhất"
BDD16,d3,"ego_left topology=merge_split",major,"Bên kia vạch vàng là vạch sơn của vùng kẻ sọc ngăn với làn đang nhập/tách bên trái (mục 4)"
BDD16,d4,"ego_right x1 trên vạch trắng liền bên phải (~(1280,563)→(650,410)); điểm đầu ở cạnh phải ảnh",major,"Vạch trắng liền dọc tường cầu là ranh giới phải; vạch chạm cạnh ảnh trước nắp capo nên điểm đầu ở cạnh ảnh (mục 3)"
BDD24,d1,"ego_left x1 trên vạch trắng giữa đường (~x 490–515, y 460–575)",major,"Vạch trắng liền dài ~115 px (≥ 50 px) nằm bên trái điểm giữa đáy ảnh nên phải vẽ (mục 6 v2)"
BDD24,d2,"UNKNOWN: tag ego_boundary_unknown side=right; không có polyline ego_right",major,"Bên phải chỉ có đống tuyết và bó vỉa, không có vạch sơn (mục 7)"
BDD24,d3,"geometry: ego_left không có điểm nào trên nắp capo (không có điểm y > ~580) — vệt trắng trên nắp capo là hình phản chiếu",minor,"Mục 3 và mục 5: không đặt điểm trên phản chiếu nắp capo"
BDD15,d1,"ESCALATE: polyline đặt trên vạch trắng đứt gần điểm giữa đáy ảnh (~(635,470)→(370,300)) có needs_review=true",major,"Xe lệch sát vạch đứt bên phải, hướng xe chếch sang phải như đang chuyển làn — mục 7 bắt buộc bật needs_review"
BDD15,d2,"vạch trắng đứt (~(635,470)→(370,300)) được gán label=ego_right; không có polyline trên bó vỉa sơn đỏ-trắng bên phải",major,"Kéo vạch xuống mép nắp capo được x≈730 > 640 nên vạch nằm bên phải điểm giữa đáy ảnh (mục 1); bó vỉa không phải vạch làn (mục 5)"
